Outcome condition,1 value,2 value,3 value,4 value
IGT,33.613572223204145,66.36495881591566,55.745013431331195,50.22626913105543
IGT,34.46219616224683,53.269295077849875,56.13053317112442,51.354603515882836
IGT,39.25456183916359,53.25571099279817,56.25472416672673,43.00170472541634
IGT,37.055224014182905,42.553430404153076,55.08458395379895,54.045783678739575
IGT,35.886951791961955,35.81747983087095,59.56578210282745,45.64911849952589
IGT,34.062373496457646,13.404737920292277,57.583225966287344,44.45667426857404
IGT,40.55875813051854,42.490326130845865,45.835318521332326,59.52914147952794
IGT,41.89212159467066,52.02765694547953,54.080853616504136,45.13761769126684
IGT,31.63663225917689,32.05119113128631,62.34209678035685,52.807410174581044
IGT,34.35221591194224,40.42868445348287,55.51988892055663,43.05625798646394
IGT,31.911411062561854,31.421194392030674,53.93074643088001,68.1173397497133
IGT,37.24379658402354,32.22105757073214,55.15473788616083,46.27215159571117
IGT,34.94601374303329,22.49834494298417,53.946486463918006,67.29024671667432
IGT,41.51550401731521,48.69089615089788,50.79442964695429,47.643964661741876
IGT,35.6752209820498,35.97528513004598,50.68426666586496,56.65094714512649
IGT,34.11985388410408,30.35348701350553,53.99867164589036,67.86266376295417
IGT,40.31345347972283,32.23287320694866,49.57731321433368,50.13121720217401
IGT,37.44118419223811,29.994343311168574,52.68343128649769,52.538952642897456
IGT,29.684304114222478,33.74478382364327,54.74126857960172,54.61831023482121
IGT,34.62678611290737,49.224927834233235,60.006920939606665,50.13876781119498
Low,38.27541215732983,45.57689230624083,46.29846175806573,52.48198908173975
Low,32.56535310088562,43.618272184074925,45.106569408818125,53.33255627992217
Low,38.301555060308,46.06179431010431,43.18053490035086,52.29021034870763
Low,34.56176132271271,46.14897286638133,47.39825667492724,59.079826432687156
Low,30.63150382513313,46.61513883299409,41.243128748264006,57.36515194676236
Low,32.60552888795252,45.166044568513264,42.78597731672191,51.83371873480796
Low,36.48161419192838,49.12858522030657,44.636623766952766,59.338274047247566
Low,33.66208619664284,52.31296544515683,47.45836585458071,56.21769865023622
Low,35.82454585132543,39.53198621315783,52.03008909256566,46.56250229144439
Low,32.28469913626923,48.26917669381933,46.219207615535055,56.337540939418005
Low,39.86962772774534,40.96381664372578,47.88363896524703,55.85628427997819
Low,39.56099103572862,42.90475723771565,47.1557145489832,51.70129762378102
Low,36.75400821962062,46.51846936952116,42.06480100990113,52.0783724724663
Low,40.13347553991312,41.32146477566412,46.575519300580964,54.95407557296534
Low,34.12194920940977,43.597659106237266,47.61539764483497,58.693852808320926
Low,37.40360545122392,47.988164089572294,51.211948214860364,54.83164349046923
Low,35.379479282401675,49.7420654302771,49.2585002493216,55.110529266080626
Low,36.25560108984624,46.87443608334045,47.83401133350891,50.99353512770224
Low,39.43176800548416,38.807063976505006,46.03072815209037,59.043277770547114
Low,39.889830298198284,50.712982018023844,44.34262988580721,62.0580143070706
High,35.34949669008731,34.22895255991177,35.33306403021054,62.13231691637848
High,40.67335583386555,49.896784391927696,68.88978025905446,70.85384133236687
High,37.94018693031384,57.8136917433239,48.70084535785764,40.65860888163667
High,27.617609874249005,32.91762914621232,26.961151705577503,68.04289267960644
High,31.243999636821645,44.346250031900546,44.86372777764091,57.04422164314048
High,54.15775505427118,45.82387850242936,46.97466036774788,62.622804979879994
High,18.513385484076018,36.36964184411114,30.163521927599998,55.32896203544725
High,26.037523211928807,31.8312897915731,44.32190326693462,62.587038609630206
High,45.48928163432212,47.63347810277989,47.349388433923984,44.77590442716407
High,20.684408605244915,56.30404757229428,50.076775717672305,62.19109988011824
High,23.422832091773984,45.56219780529665,47.016959340408114,54.256412938848534
High,38.31414574214965,43.21459334015201,42.56596078750093,72.95141837862278
High,23.12476247994857,38.98476679923678,28.886358299504387,54.29466521944206
High,22.136820223095693,45.05394504636072,43.979243819329994,66.9237895666117
High,59.7801939512942,60.43884634917288,43.044552430117896,61.27489870653781
High,36.8463670871759,36.10571666532391,45.93218628440134,68.39699613472422
High,46.027519328523496,54.02598309243061,59.13097343235143,50.98105783910963
High,22.22812605728306,40.97569237503308,39.13168661483121,61.103325395334195
High,26.46097667196136,55.17411249299807,44.951622973643865,44.52239508733724
High,25.73730287654243,54.887134887314275,35.874889913451355,49.630535558656916
Equal,46.60264576781614,41.172775152978154,47.97452155914845,49.8109852986493
Equal,52.934308811716434,38.000396755583104,50.512066287141806,33.061224205436375
Equal,49.378321718770614,56.92457104693275,36.830927244072896,42.75223581325608
Equal,48.61391106165135,59.16490819916734,45.146035042646524,50.376488087793966
Equal,45.34302969652239,62.24144142775624,50.361701820705484,45.753971924224864
Equal,50.370380829374994,45.189656368844645,57.87445433045811,66.18573463013918
Equal,43.110082788524814,46.5125801175051,48.40422120240513,50.835289181467104
Equal,47.54903356506993,46.8638540677628,54.93656382404006,58.27500187670168
Equal,48.81406880635065,39.03494518920874,56.001764797414225,45.7697086539491
Equal,41.4638882851095,40.44148399148653,53.948095471992445,55.602515035322945
Equal,45.860310074991986,38.90215632129508,42.42836212746658,49.368273644886266
Equal,43.256098510379566,50.52882684936962,37.98872755573505,28.823552362148988
Equal,48.24357596289819,51.0709202679856,48.490342700370775,38.96730573789011
Equal,45.29249505929505,48.60579138342447,46.96033270452969,42.24573602465125
Equal,43.97441442609633,37.31574535118296,53.69105787818535,51.250777596105884
Equal,43.819746087508015,46.129417028826786,34.587651121908706,49.019116421259014
Equal,49.62505646160358,40.8773973493595,50.99791485068226,59.96201475505456
Equal,45.47106499094823,44.731859221536666,39.261783960968245,29.88358250788909
Equal,49.70342497253056,38.41073699899207,39.27579214111117,37.325854369372074
Equal,45.966148312923366,41.77199969034139,54.80251231993933,55.14925071898245
